"","g00-Rosetto","g01-Macchia","g02-Thomas","g04-Paciente4"
"ImageNumber",0.662282826689822,0.715395758153157,0.679812649312037,0.710780606364109
"ObjectNumber",3.21890969263551,3.20789331556235,2.24317960401766,3.0553890841298
"CellObjects-Number-Object-Number",3.21890969263551,3.20789331556235,2.24317960401766,3.0553890841298
"CellObjects-AreaShape-Area",5.30108818168113,5.31608419494566,5.52555166441158,5.48205304019512
"CellObjects-AreaShape-BoundingBoxArea",5.71491111456224,5.72409417520992,5.86979704685483,5.89184193520291
"CellObjects-AreaShape-BoundingBoxMaximum-X",4.10564945076917,4.20061044381634,4.07255311319932,4.1511983524653
"CellObjects-AreaShape-BoundingBoxMaximum-Y",3.84846156131003,3.93703393811255,3.8257667791018,3.90114485210558
"CellObjects-AreaShape-BoundingBoxMinimum-X",3.97336505027015,4.06797729487784,3.92526734182656,4.00697325322135
"CellObjects-AreaShape-BoundingBoxMinimum-Y",3.6713320141509,3.77314561138972,3.64075678663982,3.71932626908512
"CellObjects-AreaShape-Center-X",4.04630095871508,4.14126771853003,4.00683389361031,4.08679112570344
"CellObjects-AreaShape-Center-Y",3.77017228537159,3.86415200737879,3.74424446421357,3.82100692576969
"CellObjects-AreaShape-Compactness",0.0911981994053655,0.0991280268968944,0.0810750007672889,0.095196281768243
"CellObjects-AreaShape-ConvexArea",5.36498671217789,5.37571566252492,5.56374344084303,5.54647960837202
"CellObjects-AreaShape-Eccentricity",0.0448419733711613,0.0485687198257578,0.0405012331742657,0.0453523585839019
"CellObjects-AreaShape-EquivalentDiameter",1.65869730873888,1.70330932168862,1.73211194902751,1.74942385400445
"CellObjects-AreaShape-EulerNumber",0.0693186499664753,0.076421411907556,0.0665334271477516,0.0723278976487614
"CellObjects-AreaShape-Extent",0.0464962377212895,0.0516700655849124,0.0476951316812957,0.048672802479794
"CellObjects-AreaShape-FormFactor",0.0528775519520153,0.0591711776480205,0.0548453875034888,0.0551734678913915
"CellObjects-AreaShape-MajorAxisLength",1.80006952990589,1.83984374391241,1.85056395897207,1.88268466597042
"CellObjects-AreaShape-MaxFeretDiameter",1.83162973941161,1.86827939308709,1.86105107509178,1.91698105413013
"CellObjects-AreaShape-MaximumRadius",1.00091696952729,1.04141071231345,1.08683558706723,1.07833508784531
"CellObjects-AreaShape-MeanRadius",0.4961350604471,0.522501394288863,0.548977148233804,0.541528835376841
"CellObjects-AreaShape-MedianRadius",0.454685741860088,0.479316485047939,0.504271883264954,0.496368327757335
"CellObjects-AreaShape-MinFeretDiameter",1.56395271410593,1.60868755552115,1.63239728107312,1.66184419302306
"CellObjects-AreaShape-MinorAxisLength",1.5541557420622,1.60309238460407,1.6346754571022,1.6532109630912
"CellObjects-AreaShape-Orientation",1.91395495949908,1.87762532711909,1.81690263539598,1.82568530688467
"CellObjects-AreaShape-Perimeter",2.79378915598878,2.83831825099246,2.84092268544241,2.89780556354113
"CellObjects-AreaShape-Solidity",0.0651611063255451,0.0721636604587449,0.0641124014260453,0.0679283817263923
"CellObjects-Children-ASCspecs-Count",0.162359042887933,0.136485575369834,0.150407242033604,0.200297726828866
"CellObjects-Children-Cytoplasm-Count",0.0693186499664753,0.0764181641753318,0.0665334271477516,0.0723278976487614
"CellObjects-Children-NucObjects-Count",0.0693186499664753,0.0764181641753318,0.0665334271477516,0.0723278976487614
"CellObjects-Children-Nucelolos-Count",0.0133460503521702,0.00281982020984503,0.00738481747513761,0.0347919480286586
"CellObjects-Location-Center-X",4.04630095871508,4.14126771853003,4.00683389361031,4.08679112570344
"CellObjects-Location-Center-Y",3.77017228537159,3.86415200737879,3.74424446421357,3.82100692576969
"CellObjects-Location-Center-Z",0,0,0,0
"CellObjects-Mean-ASCspecs-AreaShape-Area",3.38606020933144,3.54076522664621,3.22317700359323,3.55710142030836
"CellObjects-Mean-ASCspecs-AreaShape-BoundingBoxArea",4.22014223154032,4.27120403448258,3.88070557541028,4.27557966912351
"CellObjects-Mean-ASCspecs-AreaShape-BoundingBoxMaximum-X",4.05983065275889,4.11600457997811,3.96134820677482,4.09702654942348
"CellObjects-Mean-ASCspecs-AreaShape-BoundingBoxMaximum-Y",3.79479361880566,3.84917422253117,3.70772568119499,3.84138878015299
"CellObjects-Mean-ASCspecs-AreaShape-BoundingBoxMinimum-X",3.99828953628161,4.05083274039552,3.90681332106923,4.03569723788827
"CellObjects-Mean-ASCspecs-AreaShape-BoundingBoxMinimum-Y",3.7121021322442,3.77076292400628,3.63778920011427,3.7609740728446
"CellObjects-Mean-ASCspecs-AreaShape-Center-X",4.03008788405692,4.0845088162443,3.93437825785277,4.06709424903632
"CellObjects-Mean-ASCspecs-AreaShape-Center-Y",3.7549633252053,3.8114114209777,3.67348203491517,3.80255714207885
"CellObjects-Mean-ASCspecs-AreaShape-Compactness",0.220816569512252,0.25690199651795,0.150214063696241,0.209506072598308
"CellObjects-Mean-ASCspecs-AreaShape-ConvexArea",3.81391724894178,3.92451183514457,3.499826293444,3.89750551496203
"CellObjects-Mean-ASCspecs-AreaShape-Eccentricity",0.054968245444574,0.0554200984150674,0.0514880133660164,0.0558583374727995
"CellObjects-Mean-ASCspecs-AreaShape-EquivalentDiameter",0.951237970715899,1.03492838289404,0.890919977457876,1.01192524003175
"CellObjects-Mean-ASCspecs-AreaShape-EulerNumber",0.0932576982444976,0.138577792666665,0.14623243482811,0.11841631798522
"CellObjects-Mean-ASCspecs-AreaShape-Extent",0.0323486988673642,0.0377850456607569,0.0352222959715226,0.0379031552065696
"CellObjects-Mean-ASCspecs-AreaShape-FormFactor",0.0269576553224773,0.026380404065463,0.0327379606774116,0.0315807920169028
"CellObjects-Mean-ASCspecs-AreaShape-MajorAxisLength",1.32659536707024,1.36413261712024,1.16876472011109,1.32612119532824
"CellObjects-Mean-ASCspecs-AreaShape-MaxFeretDiameter",1.27994691904898,1.31549546485397,1.15016160919784,1.29269628555918
"CellObjects-Mean-ASCspecs-AreaShape-MaximumRadius",0.322791277259914,0.364303243801863,0.360610554378044,0.375185869749877
"CellObjects-Mean-ASCspecs-AreaShape-MeanRadius",0.148483343378444,0.163619053327697,0.163477771397047,0.170350548983964
"CellObjects-Mean-ASCspecs-AreaShape-MedianRadius",0.137062503749206,0.151288433267077,0.148429691059233,0.15615710499613
"CellObjects-Mean-ASCspecs-AreaShape-MinFeretDiameter",0.911562406684505,1.00848468150788,0.803819799003829,0.95327235785687
"CellObjects-Mean-ASCspecs-AreaShape-MinorAxisLength",0.924876877488176,1.03865142204394,0.796361549242169,0.957432806834079
"CellObjects-Mean-ASCspecs-AreaShape-Orientation",1.97877396413637,1.96016648845264,1.88416717917693,1.93980895832606
"CellObjects-Mean-ASCspecs-AreaShape-Perimeter",2.31174398580101,2.45650130109536,2.05167126969144,2.3606316356593
"CellObjects-Mean-ASCspecs-AreaShape-Solidity",0.0479925572655947,0.0531253958634924,0.050744882399394,0.0544099162625874
"CellObjects-Mean-ASCspecs-Classify-Cromatina",0.0640290414853634,0.0706558112533394,0.0562445505109751,0.0635052535478964
"CellObjects-Mean-ASCspecs-Classify-Nucleolo",0.00501205471820665,0.00440929481826716,0.00846965769069872,0.00844988295310695
"CellObjects-Mean-ASCspecs-Distance-Centroid-CellObjects",0.65781701026716,0.601830998110091,0.700712481506456,0.809447432628678
"CellObjects-Mean-ASCspecs-Granularity-10-HEGray",0.074734328982399,0.00433032239449194,0.000578366576289783,0.17028735275444
"CellObjects-Mean-ASCspecs-Granularity-11-HEGray",0.143569056712238,0.0143403971359053,0.00053197154626799,0.155243113801856
"CellObjects-Mean-ASCspecs-Granularity-12-HEGray",0.102195627507316,0.0150316092727272,0.00198409569573979,0.127433176579752
"CellObjects-Mean-ASCspecs-Granularity-13-HEGray",0.0890775698994085,0.0182142215050225,0.00676187022680147,0.127489771828893
"CellObjects-Mean-ASCspecs-Granularity-14-HEGray",0.100380813862465,0.0234110443679458,0.0108983260801083,0.204363469604613
"CellObjects-Mean-ASCspecs-Granularity-15-HEGray",0.134498287304656,0.0239021615961195,0.00342114499967613,0.149020775596731
"CellObjects-Mean-ASCspecs-Granularity-16-HEGray",0.113359760729818,0.0219118254370159,0.0178122071315227,0.156145317962233
"CellObjects-Mean-ASCspecs-Granularity-1-HEGray",1.4726031498385,1.59555731111555,1.57060273313733,1.51325848484048
"CellObjects-Mean-ASCspecs-Granularity-2-HEGray",0.0260251791792585,0.00739310338823465,0.00319220543390727,0.0267830851533775
"CellObjects-Mean-ASCspecs-Granularity-3-HEGray",0.0187473897718706,0.00306574832618514,0.000653921683298062,0.0300697638876124
"CellObjects-Mean-ASCspecs-Granularity-4-HEGray",0.0135023796391133,0.00303033699489807,0.000361651807743923,0.0324861135763532
"CellObjects-Mean-ASCspecs-Granularity-5-HEGray",0.0110585851643684,0.00273421763448617,0.00029516887204243,0.0280333498569867
"CellObjects-Mean-ASCspecs-Granularity-6-HEGray",0.0232250584914209,0.00283019206061247,0.000256494139113205,0.0224600191989417
"CellObjects-Mean-ASCspecs-Granularity-7-HEGray",0.0332330167815787,0.00256456651401179,0.000287278012857637,0.0729551751700118
"CellObjects-Mean-ASCspecs-Granularity-8-HEGray",0.0535547145401016,0.00246040065148556,0.000378534769527947,0.107901898084792
"CellObjects-Mean-ASCspecs-Granularity-9-HEGray",0.0414912627400318,0.00218230332161835,0.000451793629303331,0.109218981679419
"CellObjects-Mean-ASCspecs-Intensity-IntegratedIntensityEdg-HEGry",1.47812545459822,1.75613733308626,1.40141077219571,1.2360717004121
"CellObjects-Mean-ASCspecs-Intensity-IntegratedIntensity-HEGray",2.43999218086043,2.7766367311667,2.40756130148336,2.23417666526953
"CellObjects-Mean-ASCspecs-Intensity-LowerQuartileIntensity-HEGry",0.0229870753166716,0.0307207999346737,0.0233754650352706,0.0162011066906892
"CellObjects-Mean-ASCspecs-Intensity-MADIntensity-HEGray",0.00345971358619668,0.0043662079149755,0.00338274987976371,0.00241241059118772
"CellObjects-Mean-ASCspecs-Intensity-MassDisplacement-HEGray",0.0490979573671252,0.0505518117221603,0.0439699282266635,0.0607096941651791
"CellObjects-Mean-ASCspecs-Intensity-MaxIntensityEdge-HEGray",0.0424908068619548,0.0555875293666432,0.0486722211593037,0.0332923680846622
"CellObjects-Mean-ASCspecs-Intensity-MaxIntensity-HEGray",0.0424909046350867,0.0555888744953978,0.048672902787357,0.0332924677752822
"CellObjects-Mean-ASCspecs-Intensity-MeanIntensityEdge-HEGray",0.0309560673256654,0.040592529908464,0.0330907136066232,0.0223733488858636
"CellObjects-Mean-ASCspecs-Intensity-MeanIntensity-HEGray",0.026906593241382,0.0357761186643357,0.0277684908267879,0.0192450681235055
"CellObjects-Mean-ASCspecs-Intensity-MedianIntensity-HEGray",0.0260706081688852,0.0345013972078664,0.0261976140600855,0.0182653693187061
"CellObjects-Mean-ASCspecs-Intensity-MinIntensityEdge-HEGray",0.0220708543568698,0.0288056236000171,0.0228460107756433,0.0157057927540179
"CellObjects-Mean-ASCspecs-Intensity-MinIntensity-HEGray",0.0184610692200344,0.0252517458755197,0.0193520972624309,0.0131484059307035
"CellObjects-Mean-ASCspecs-Intensity-StdIntensityEdge-HEGray",0.00525722584662823,0.00726934282713843,0.00709874480859517,0.00471701412981378
"CellObjects-Mean-ASCspecs-Intensity-StdIntensity-HEGray",0.00521783807551571,0.00671307237198953,0.00611749375304902,0.00417282345689508
"CellObjects-Mean-ASCspecs-Intensity-UpperQuartileIntensity-HEGry",0.0301195296415491,0.0399030952105092,0.0308453854353371,0.0214274162895176
"CellObjects-Mean-ASCspecs-Location-CenterMassIntensity-X-HEGray",4.03004220817262,4.08383596741784,3.93402279287377,4.06715152285612
"CellObjects-Mean-ASCspecs-Location-CenterMassIntensity-Y-HEGray",3.75494665063714,3.81107567404794,3.67336359204548,3.8026621557638
"CellObjects-Mean-ASCspecs-Location-CenterMassIntensity-Z-HEGray",0,0,0,0
"CellObjects-Mean-ASCspecs-Location-Center-X",4.03008788405692,4.0845088162443,3.93437825785277,4.06709424903632
"CellObjects-Mean-ASCspecs-Location-Center-Y",3.7549633252053,3.8114114209777,3.67348203491517,3.80255714207885
"CellObjects-Mean-ASCspecs-Location-Center-Z",0,0,0,0
"CellObjects-Mean-ASCspecs-Location-MaxIntensity-X-HEGray",4.03112186591082,4.07038216245884,3.9361345757576,4.0691150453317
"CellObjects-Mean-ASCspecs-Location-MaxIntensity-Y-HEGray",3.75555776676709,3.80252936636019,3.6734960877009,3.80418666396029
"CellObjects-Mean-ASCspecs-Location-MaxIntensity-Z-HEGray",0,0,0,0
"CellObjects-Mean-ASCspecs-Number-Object-Number",4.19979527873726,3.90594091018217,3.27123155442367,4.26868231194392
"CellObjects-Mean-ASCspecs-Texture-AngularScndMmnt-HEGry-3-00-256",0.000257217150127162,0.000242767159663173,0.000253437523756173,0.000326644094668874
"CellObjects-Mean-ASCspecs-Texture-AngularScndMmnt-HEGry-3-01-256",0.000299141777509615,0.000291384899003959,0.000285691168524347,0.000356052322111958
"CellObjects-Mean-ASCspecs-Texture-AngularScndMmnt-HEGry-3-02-256",0.000250996090353046,0.000248376264713024,0.000251914701987502,0.000324417655939209
"CellObjects-Mean-ASCspecs-Texture-AngularScndMmnt-HEGry-3-03-256",0.000309804365506593,0.000301824637530876,0.000287570883801426,0.000354059727372439
"CellObjects-Mean-ASCspecs-Texture-Contrast-HEGray-3-00-256",2.95873757924651,3.3018539552652,3.20858378188228,2.43759357312586
"CellObjects-Mean-ASCspecs-Texture-Contrast-HEGray-3-01-256",3.3093106543464,3.70758426401651,3.61367391094323,2.794004463836
"CellObjects-Mean-ASCspecs-Texture-Contrast-HEGray-3-02-256",2.949746935792,3.39156745857619,3.16276203883168,2.31607225481578
"CellObjects-Mean-ASCspecs-Texture-Contrast-HEGray-3-03-256",3.33400726384095,3.71721065444874,3.64363900579019,2.75202254431409
"CellObjects-Mean-ASCspecs-Texture-Correlation-HEGray-3-00-256",0.0624847199325124,0.0647040024691917,0.0580453970095236,0.0550836438004501
"CellObjects-Mean-ASCspecs-Texture-Correlation-HEGray-3-01-256",0.0622349498166115,0.0787993814112945,0.0646976484409419,0.064942120589506
"CellObjects-Mean-ASCspecs-Texture-Correlation-HEGray-3-02-256",0.0499843186977283,0.0742191415534716,0.0611737865252716,0.0542332752214237
"CellObjects-Mean-ASCspecs-Texture-Correlation-HEGray-3-03-256",0.0632681814386252,0.0836946131797186,0.0696192384224011,0.067791685770326
"CellObjects-Mean-ASCspecs-Texture-DifferencEntrpy-HEGry-3-00-256",0.29476018838982,0.327551945927912,0.281809991700768,0.280273676137938
"CellObjects-Mean-ASCspecs-Texture-DifferencEntrpy-HEGry-3-01-256",0.304394623106978,0.339286628049415,0.292673442658912,0.292667367162887
"CellObjects-Mean-ASCspecs-Texture-DifferencEntrpy-HEGry-3-02-256",0.29390310275693,0.329748425632939,0.28038674424359,0.27646567612006
"CellObjects-Mean-ASCspecs-Texture-DifferencEntrpy-HEGry-3-03-256",0.304920216706093,0.339165186706007,0.293499598143157,0.290810677703244
"CellObjects-Mean-ASCspecs-Texture-DifferenceVarnc-HEGry-3-00-256",1.76048594359798e-05,1.47742476926443e-05,1.54655180833557e-05,3.7600520110717e-05
"CellObjects-Mean-ASCspecs-Texture-DifferenceVarnc-HEGry-3-01-256",1.51878972059759e-05,1.24125999769053e-05,1.31219925112929e-05,3.12994986747701e-05
"CellObjects-Mean-ASCspecs-Texture-DifferenceVarnc-HEGry-3-02-256",1.80098340072043e-05,1.4398061261362e-05,1.58281604879506e-05,3.9175154468949e-05
"CellObjects-Mean-ASCspecs-Texture-DifferenceVarnc-HEGry-3-03-256",1.50633334890521e-05,1.24634770418369e-05,1.2982169115588e-05,3.20403873122483e-05
"CellObjects-Mean-ASCspecs-Texture-Entropy-HEGray-3-00-256",0.476548771706376,0.518531138234014,0.45040720355762,0.482115426426554
"CellObjects-Mean-ASCspecs-Texture-Entropy-HEGray-3-01-256",0.469851424849934,0.509636162943461,0.445328861626933,0.478537412795612
"CellObjects-Mean-ASCspecs-Texture-Entropy-HEGray-3-02-256",0.477757960845795,0.517379567392189,0.450708763521785,0.482348648495246
"CellObjects-Mean-ASCspecs-Texture-Entropy-HEGray-3-03-256",0.468089732926366,0.508519041790456,0.445255832720461,0.478729696964802
"CellObjects-Mean-ASCspecs-Texture-InfoMeas1-HEGray-3-00-256",0.0217209323948455,0.0225676143212214,0.0229857978221551,0.0275660751970614
"CellObjects-Mean-ASCspecs-Texture-InfoMeas1-HEGray-3-01-256",0.0225151824836756,0.0284643937335367,0.0236521878757651,0.0310417781163914
"CellObjects-Mean-ASCspecs-Texture-InfoMeas1-HEGray-3-02-256",0.0228243859552252,0.0244473481589145,0.0250434959382768,0.0241608817924792
"CellObjects-Mean-ASCspecs-Texture-InfoMeas1-HEGray-3-03-256",0.0230332250261285,0.0330859912511054,0.0302962396008925,0.0291824940761994
"CellObjects-Mean-ASCspecs-Texture-InfoMeas2-HEGray-3-00-256",0.0687247512543804,0.0750063761666318,0.0645370057263814,0.0709099750985492
"CellObjects-Mean-ASCspecs-Texture-InfoMeas2-HEGray-3-01-256",0.0687533489870026,0.0750129164757911,0.0645698139977587,0.0708792458319398
"CellObjects-Mean-ASCspecs-Texture-InfoMeas2-HEGray-3-02-256",0.0687157767907045,0.0750083805711055,0.0645407479960874,0.070944335903174
"CellObjects-Mean-ASCspecs-Texture-InfoMeas2-HEGray-3-03-256",0.0687669228974008,0.0750175683634492,0.0645728050655076,0.070901069405382
"CellObjects-Mean-ASCspecs-Texture-InvrsDffrncMmnt-HEGry-3-00-256",0.00619580314277043,0.00663925473852736,0.00617662951260242,0.00981503586585479
"CellObjects-Mean-ASCspecs-Texture-InvrsDffrncMmnt-HEGry-3-01-256",0.00512508480145871,0.00528628114981255,0.00498914240803345,0.00809401719610622
"CellObjects-Mean-ASCspecs-Texture-InvrsDffrncMmnt-HEGry-3-02-256",0.00639758037279386,0.00649109418331364,0.00632287214423782,0.0101853281186785
"CellObjects-Mean-ASCspecs-Texture-InvrsDffrncMmnt-HEGry-3-03-256",0.00504826838167321,0.00527522210129646,0.00494580372541895,0.00825173081772099
"CellObjects-Mean-ASCspecs-Texture-SumAverage-HEGray-3-00-256",2.63047816802741,2.87602070334329,2.64038041654557,2.31888087964078
"CellObjects-Mean-ASCspecs-Texture-SumAverage-HEGray-3-01-256",2.62999166552036,2.87389316520347,2.63978661768984,2.31784837546259
"CellObjects-Mean-ASCspecs-Texture-SumAverage-HEGray-3-02-256",2.63100333737858,2.87692374695871,2.64132983291493,2.3201900278209
"CellObjects-Mean-ASCspecs-Texture-SumAverage-HEGray-3-03-256",2.63205492000772,2.87642553160706,2.6400589982943,2.31885122785269
"CellObjects-Mean-ASCspecs-Texture-SumEntropy-HEGray-3-00-256",0.366560804922488,0.404817395987574,0.348429343318924,0.361349198498439
"CellObjects-Mean-ASCspecs-Texture-SumEntropy-HEGray-3-01-256",0.35968328132615,0.396443046386536,0.342461496064177,0.354922001482671
"CellObjects-Mean-ASCspecs-Texture-SumEntropy-HEGray-3-02-256",0.367569398632436,0.403626343075726,0.348867144734296,0.362412975966741
"CellObjects-Mean-ASCspecs-Texture-SumEntropy-HEGray-3-03-256",0.358233513969734,0.395642868761771,0.342332391115411,0.355385373798368
"CellObjects-Mean-ASCspecs-Texture-SumVariance-HEGray-3-00-256",4.21076456012243,4.56332475687897,4.42574380320359,3.72319937420581
"CellObjects-Mean-ASCspecs-Texture-SumVariance-HEGray-3-01-256",4.08198551348837,4.43740803632876,4.31194278133516,3.61121988676913
"CellObjects-Mean-ASCspecs-Texture-SumVariance-HEGray-3-02-256",4.2075230272614,4.55262782076378,4.44459352965473,3.76091174746258
"CellObjects-Mean-ASCspecs-Texture-SumVariance-HEGray-3-03-256",4.07238562086361,4.44176683527408,4.30328593607177,3.62449029802228
"CellObjects-Mean-ASCspecs-Texture-Variance-HEGray-3-00-256",3.11485831302307,3.46989084453869,3.35408574749819,2.63603967256642
"CellObjects-Mean-ASCspecs-Texture-Variance-HEGray-3-01-256",3.118095191933,3.4927351323761,3.3878929434154,2.64929872859675
"CellObjects-Mean-ASCspecs-Texture-Variance-HEGray-3-02-256",3.11066533725568,3.48330616560776,3.35833910721768,2.6412053240297
"CellObjects-Mean-ASCspecs-Texture-Variance-HEGray-3-03-256",3.1199073386249,3.49960119187261,3.39306091174697,2.64725809678794
"CellObjects-Mean-Nucelolos-AreaShape-Area",0.359119632302539,0.0887759958833216,0.241601802598501,0.927011558283382
"CellObjects-Mean-Nucelolos-AreaShape-BoundingBoxArea",0.421494182752042,0.102359437895153,0.282034683301592,1.07333799894161
"CellObjects-Mean-Nucelolos-AreaShape-BoundingBoxMaximum-X",0.778330765370918,0.181191979188504,0.444386537475593,1.44158860565157
"CellObjects-Mean-Nucelolos-AreaShape-BoundingBoxMaximum-Y",0.721094403875562,0.166480317715091,0.409239986741126,1.34600108743431
"CellObjects-Mean-Nucelolos-AreaShape-BoundingBoxMinimum-X",0.773657188513461,0.179977392570908,0.44122223058435,1.42915981821674
"CellObjects-Mean-Nucelolos-AreaShape-BoundingBoxMinimum-Y",0.715237073659117,0.165011149153195,0.405257467067498,1.32989741803972
"CellObjects-Mean-Nucelolos-AreaShape-Center-X",0.775837451288417,0.180552137671288,0.44275196326213,1.43523718556659
"CellObjects-Mean-Nucelolos-AreaShape-Center-Y",0.717979967042844,0.165702137173268,0.407173329513102,1.33780228850121
"CellObjects-Mean-Nucelolos-AreaShape-Compactness",0.0135841985789008,0.00294878133843077,0.00761625201257077,0.0310327078740688
"CellObjects-Mean-Nucelolos-AreaShape-ConvexArea",0.372424952179764,0.0917007142737791,0.249842826600965,0.96012657218028
"CellObjects-Mean-Nucelolos-AreaShape-Eccentricity",0.00901845689108891,0.00188487782044974,0.00478491746963625,0.0184799857113381
"CellObjects-Mean-Nucelolos-AreaShape-EquivalentDiameter",0.100244455602282,0.0239748095797349,0.0639667604146231,0.260165729100591
"CellObjects-Mean-Nucelolos-AreaShape-EulerNumber",0.0122865530299211,0.00274480447315966,0.00644852209230094,0.0247160328066137
"CellObjects-Mean-Nucelolos-AreaShape-Extent",0.00860574139204023,0.00197190200541068,0.00439749295158891,0.016332692740525
"CellObjects-Mean-Nucelolos-AreaShape-FormFactor",0.0114900333664926,0.00260000584200654,0.0056532409999084,0.0203375142367205
"CellObjects-Mean-Nucelolos-AreaShape-MajorAxisLength",0.121587739475195,0.0277610039269437,0.0778002804796345,0.312621873681489
"CellObjects-Mean-Nucelolos-AreaShape-MaxFeretDiameter",0.117301837178808,0.0269086827232786,0.0760027709555331,0.308817775518813
"CellObjects-Mean-Nucelolos-AreaShape-MaximumRadius",0.0468297123692014,0.0116399699234308,0.0298399698363499,0.125312744359891
"CellObjects-Mean-Nucelolos-AreaShape-MeanRadius",0.0233576584786119,0.00564720667390709,0.0143394955507843,0.0597513880960011
"CellObjects-Mean-Nucelolos-AreaShape-MedianRadius",0.0206671475541067,0.00499117286390491,0.0128163292935068,0.0539434499208282
"CellObjects-Mean-Nucelolos-AreaShape-MinFeretDiameter",0.0798575745507457,0.0198651814812344,0.0519455819142656,0.220140560422723
"CellObjects-Mean-Nucelolos-AreaShape-MinorAxisLength",0.0849201761273753,0.0210388594744099,0.0540989595647259,0.224899777838443
"CellObjects-Mean-Nucelolos-AreaShape-Orientation",1.97648199973314,2.0710991634421,1.94441926175526,1.98866760130786
"CellObjects-Mean-Nucelolos-AreaShape-Perimeter",0.225632542369621,0.0534447014668421,0.143031274412408,0.553213715854098
"CellObjects-Mean-Nucelolos-AreaShape-Solidity",0.0113630226074484,0.00254743276911201,0.0059433474727843,0.0224907932888663
"CellObjects-Mean-Nucelolos-Distance-Centroid-CellObjects",0.0833815585563951,0.017435671833752,0.0505303591049783,0.242982870665297
"CellObjects-Mean-Nucelolos-Granularity-10-HEGray",1.60811758954128e-07,0,0,0.00404877905082925
"CellObjects-Mean-Nucelolos-Granularity-11-HEGray",1.82164526609373e-06,0,0,0.00838597835217779
"CellObjects-Mean-Nucelolos-Granularity-12-HEGray",5.26529723968591e-06,0,0,0.00971026524173831
"CellObjects-Mean-Nucelolos-Granularity-13-HEGray",3.16342286853836e-05,0,0,0.0155402618367243
"CellObjects-Mean-Nucelolos-Granularity-14-HEGray",3.72995567752515e-05,0,0,0.0327393259537071
"CellObjects-Mean-Nucelolos-Granularity-15-HEGray",6.97580416556073e-05,0,0,0.0307193063749732
"CellObjects-Mean-Nucelolos-Granularity-16-HEGray",0.000426514909407577,0,0,0.038549492040488
"CellObjects-Mean-Nucelolos-Granularity-1-HEGray",0.371347296974207,0.0883254655458199,0.207933065301645,0.602959483887145
"CellObjects-Mean-Nucelolos-Granularity-2-HEGray",0.00201675410827083,2.18982950162973e-05,0.000439331671648146,0.00848623198825724
"CellObjects-Mean-Nucelolos-Granularity-3-HEGray",0.000165240885026821,0,1.97559315571396e-07,0.000455876167498644
"CellObjects-Mean-Nucelolos-Granularity-4-HEGray",9.59260172532541e-07,0,3.32665015021358e-06,1.60913872006175e-05
"CellObjects-Mean-Nucelolos-Granularity-5-HEGray",0,0,0,1.80557872861789e-05
"CellObjects-Mean-Nucelolos-Granularity-6-HEGray",1.38923352099769e-09,0,0,1.15208228915103e-05
"CellObjects-Mean-Nucelolos-Granularity-7-HEGray",9.05567373094439e-09,0,0,8.86063860556672e-05
"CellObjects-Mean-Nucelolos-Granularity-8-HEGray",6.59570862297494e-08,0,0,0.000417068477470072
"CellObjects-Mean-Nucelolos-Granularity-9-HEGray",1.83295077829517e-07,0,0,0.00100590386858528
"CellObjects-Mean-Nucelolos-Intensity-IntegratedIntenstyEdg-HEGry",0.0702489106862799,0.0172639282360053,0.0473681213129866,0.198394244540036
"CellObjects-Mean-Nucelolos-Intensity-IntegratedIntensity-HEGray",0.155834223140215,0.041097235977975,0.115511643909391,0.47177194822236
"CellObjects-Mean-Nucelolos-Intensity-LowerQuartileIntensty-HEGry",0.00250277468569023,0.000624303946576204,0.00136008476461974,0.00478603767823857
"CellObjects-Mean-Nucelolos-Intensity-MADIntensity-HEGray",0.000179627060813742,2.64413887774528e-05,9.40488071430703e-05,0.00051187458078631
"CellObjects-Mean-Nucelolos-Intensity-MassDisplacement-HEGray",0.00220340990916517,0.000314983680718744,0.00135797426868638,0.00773021440201738
"CellObjects-Mean-Nucelolos-Intensity-MaxIntensityEdge-HEGray",0.00325950938615419,0.000734050065657684,0.00175107027015144,0.00709842576662652
"CellObjects-Mean-Nucelolos-Intensity-MaxIntensity-HEGray",0.00327153421869026,0.000741538438250289,0.00176282228061093,0.00713272528542089
"CellObjects-Mean-Nucelolos-Intensity-MeanIntensityEdge-HEGray",0.00277850766302545,0.000658693732335342,0.00150306421366833,0.0057145671299633
"CellObjects-Mean-Nucelolos-Intensity-MeanIntensity-HEGray",0.00268781323854976,0.000650475169193959,0.0014559868404898,0.00533415764445683
"CellObjects-Mean-Nucelolos-Intensity-MedianIntensity-HEGray",0.00267052038813095,0.000649181596566959,0.00145120683854471,0.00526335732089097
"CellObjects-Mean-Nucelolos-Intensity-MinIntensityEdge-HEGray",0.00232014583538782,0.000580516591638844,0.00124444478082636,0.00447194077220122
"CellObjects-Mean-Nucelolos-Intensity-MinIntensity-HEGray",0.00221853951197962,0.000564748212441105,0.00118497577280897,0.00405546421298474
"CellObjects-Mean-Nucelolos-Intensity-StdIntensityEdge-HEGray",0.000266204735729701,4.07598096551583e-05,0.000137694845668924,0.000729850606104369
"CellObjects-Mean-Nucelolos-Intensity-StdIntensity-HEGray",0.000247960699656943,3.78127669561463e-05,0.000129492459278997,0.00071212131984443
"CellObjects-Mean-Nucelolos-Intensity-UpperQuartileIntensty-HEGry",0.00286570363765874,0.000677105890833456,0.00154990616805808,0.00583240422243016
"CellObjects-Mean-Nucelolos-Location-CenterMassIntensity-X-HEGray",0.7758369889728,0.180551456105724,0.442747590880015,1.43522530990051
"CellObjects-Mean-Nucelolos-Location-CenterMassIntensity-Y-HEGray",0.717978644644155,0.165704079191851,0.407174847628967,1.33780092261366
"CellObjects-Mean-Nucelolos-Location-CenterMassIntensity-Z-HEGray",0,0,0,0
"CellObjects-Mean-Nucelolos-Location-Center-X",0.775837451288417,0.180552137671288,0.44275196326213,1.43523718556659
"CellObjects-Mean-Nucelolos-Location-Center-Y",0.717979967042844,0.165702137173268,0.407173329513102,1.33780228850121
"CellObjects-Mean-Nucelolos-Location-Center-Z",0,0,0,0
"CellObjects-Mean-Nucelolos-Location-MaxIntensity-X-HEGray",0.775814318958801,0.18056760613975,0.442670214647805,1.43512586098586
"CellObjects-Mean-Nucelolos-Location-MaxIntensity-Y-HEGray",0.717950370973759,0.165742384275776,0.407221606866748,1.33789886121643
"CellObjects-Mean-Nucelolos-Location-MaxIntensity-Z-HEGray",0,0,0,0
"CellObjects-Mean-Nucelolos-Number-Object-Number",0.389311410679753,0.0754496263662253,0.159941087085784,0.940635903643694
"CellObjects-Mean-Nucelolos-Texture-AngulrScndMmnt-HEGry-3-00-256",0.000299817639282106,7.22444699932206e-05,0.00012260633130777,0.000304877900364165
"CellObjects-Mean-Nucelolos-Texture-AngulrScndMmnt-HEGry-3-01-256",0.000565002724312939,0.000117921435724753,0.000211049842407796,0.000494564465887892
"CellObjects-Mean-Nucelolos-Texture-AngulrScndMmnt-HEGry-3-02-256",0.000297224644036343,7.30553121631253e-05,0.00011783214606681,0.000296405816853312
"CellObjects-Mean-Nucelolos-Texture-AngulrScndMmnt-HEGry-3-03-256",0.000612245955686513,0.000128216519764701,0.000212204199835258,0.000491991145397347
"CellObjects-Mean-Nucelolos-Texture-Contrast-HEGray-3-00-256",0.205490105904305,0.0286034197131137,0.0984310775984421,0.517975465364574
"CellObjects-Mean-Nucelolos-Texture-Contrast-HEGray-3-01-256",0.249583810785153,0.0359985483292122,0.125783075468302,0.62456690458198
"CellObjects-Mean-Nucelolos-Texture-Contrast-HEGray-3-02-256",0.204305483729783,0.0306469692123172,0.102523229151352,0.497706078281302
"CellObjects-Mean-Nucelolos-Texture-Contrast-HEGray-3-03-256",0.258218623909741,0.0369157202902161,0.128487498286667,0.641226810706234
"CellObjects-Mean-Nucelolos-Texture-Correlation-HEGray-3-00-256",0.07122684847429,0.0715800719256012,0.0685961566883804,0.0797334312659442
"CellObjects-Mean-Nucelolos-Texture-Correlation-HEGray-3-01-256",0.0686419449408681,0.0764533082988595,0.0671145665757722,0.0759673101405028
"CellObjects-Mean-Nucelolos-Texture-Correlation-HEGray-3-02-256",0.071595148811278,0.0730845452115916,0.0589030955180826,0.0805566169699688
"CellObjects-Mean-Nucelolos-Texture-Correlation-HEGray-3-03-256",0.0681029367425797,0.0763977810186096,0.0669628066380882,0.0751626424938664
"CellObjects-Mean-Nucelolos-Texture-DifferncEntrpy-HEGry-3-00-256",0.0343900296207252,0.00712870506800483,0.0184907186822182,0.0802424743023669
"CellObjects-Mean-Nucelolos-Texture-DifferncEntrpy-HEGry-3-01-256",0.0334995884173564,0.00709689099628549,0.0188550359675572,0.0824652249665935
"CellObjects-Mean-Nucelolos-Texture-DifferncEntrpy-HEGry-3-02-256",0.0344534012917187,0.00720535375991671,0.0187478740009345,0.0794976310490627
"CellObjects-Mean-Nucelolos-Texture-DifferncEntrpy-HEGry-3-03-256",0.0335904363835762,0.00708836742706113,0.018950072677284,0.0829887736235441
"CellObjects-Mean-Nucelolos-Texture-DifferenceVrnc-HEGry-3-00-256",2.2432350215838e-05,6.1954358989865e-06,1.15858782126249e-05,3.09615559478018e-05
"CellObjects-Mean-Nucelolos-Texture-DifferenceVrnc-HEGry-3-01-256",2.80137800407848e-05,6.85578674909365e-06,1.24962918386686e-05,3.26247131309031e-05
"CellObjects-Mean-Nucelolos-Texture-DifferenceVrnc-HEGry-3-02-256",2.22474489965897e-05,6.11380973744499e-06,1.11017898408237e-05,3.18340622867091e-05
"CellObjects-Mean-Nucelolos-Texture-DifferenceVrnc-HEGry-3-03-256",2.89665401952626e-05,6.92416216478319e-06,1.24812278153279e-05,3.18658187528604e-05
"CellObjects-Mean-Nucelolos-Texture-Entropy-HEGray-3-00-256",0.0602274504502911,0.0136113329575173,0.0351203568671821,0.143923137821691
"CellObjects-Mean-Nucelolos-Texture-Entropy-HEGray-3-01-256",0.0562571634245882,0.0129424436194671,0.0338074787533101,0.140480026192852
"CellObjects-Mean-Nucelolos-Texture-Entropy-HEGray-3-02-256",0.0602596843357974,0.0136010977417051,0.0352299618385086,0.144128220434973
"CellObjects-Mean-Nucelolos-Texture-Entropy-HEGray-3-03-256",0.0558411845076745,0.0128859730497891,0.0337734542212999,0.14055729174995
"CellObjects-Mean-Nucelolos-Texture-InfoMeas1-HEGray-3-00-256",0.0640600110621597,0.0755394219864341,0.0642428872220633,0.0630151854297722
"CellObjects-Mean-Nucelolos-Texture-InfoMeas1-HEGray-3-01-256",0.0632258588190359,0.0753634936929329,0.0639609550585571,0.0621911976697648
"CellObjects-Mean-Nucelolos-Texture-InfoMeas1-HEGray-3-02-256",0.0640605990119807,0.0755295749170512,0.0554145100412737,0.063089570510468
"CellObjects-Mean-Nucelolos-Texture-InfoMeas1-HEGray-3-03-256",0.0631188941934262,0.0753673493243883,0.0639323320436859,0.0621975842323848
"CellObjects-Mean-Nucelolos-Texture-InfoMeas2-HEGray-3-00-256",0.0113220883158211,0.00246546091021019,0.00596779102145018,0.0236319984775337
"CellObjects-Mean-Nucelolos-Texture-InfoMeas2-HEGray-3-01-256",0.0113523673973476,0.00249697703200759,0.00598198732588965,0.0236775641931809
"CellObjects-Mean-Nucelolos-Texture-InfoMeas2-HEGray-3-02-256",0.0113220555618483,0.00246622143336313,0.00596427031221792,0.0236255388747653
"CellObjects-Mean-Nucelolos-Texture-InfoMeas2-HEGray-3-03-256",0.0113499843006784,0.00248316863858749,0.00599180883642397,0.0236734093961382
"CellObjects-Mean-Nucelolos-Textur-InvrsDffrncMmnt-HEGry-3-00-256",0.00224455651613426,0.000734247722142191,0.0013454055273966,0.00405381917429818
"CellObjects-Mean-Nucelolos-Textur-InvrsDffrncMmnt-HEGry-3-01-256",0.00186179361838474,0.000620101952479635,0.00110523962332785,0.00333324399436399
"CellObjects-Mean-Nucelolos-Textur-InvrsDffrncMmnt-HEGry-3-02-256",0.00227108992013753,0.000697652406359419,0.00131991299377202,0.00423430785704383
"CellObjects-Mean-Nucelolos-Textur-InvrsDffrncMmnt-HEGry-3-03-256",0.00183510796133775,0.000611853688078424,0.00109698440376429,0.00326107727856557
"CellObjects-Mean-Nucelolos-Texture-SumAverage-HEGray-3-00-256",0.384683389979865,0.0943310673256456,0.221045405113348,0.745816415233468
"CellObjects-Mean-Nucelolos-Texture-SumAverage-HEGray-3-01-256",0.385317743309406,0.0943753385102066,0.22113314488926,0.746527400123472
"CellObjects-Mean-Nucelolos-Texture-SumAverage-HEGray-3-02-256",0.384681914426069,0.0943424536504563,0.22101460441359,0.745684143440383
"CellObjects-Mean-Nucelolos-Texture-SumAverage-HEGray-3-03-256",0.385490963963373,0.094385461362638,0.221184452459698,0.746489274566089
"CellObjects-Mean-Nucelolos-Texture-SumEntropy-HEGray-3-00-256",0.0436509552557778,0.00953442437270278,0.0251104414981647,0.105396222562737
"CellObjects-Mean-Nucelolos-Texture-SumEntropy-HEGray-3-01-256",0.0397512256980949,0.00883823770701778,0.0235709851109986,0.101064890242333
"CellObjects-Mean-Nucelolos-Texture-SumEntropy-HEGray-3-02-256",0.043674801533967,0.00947228786865438,0.0251227235466574,0.105863881890093
"CellObjects-Mean-Nucelolos-Texture-SumEntropy-HEGray-3-03-256",0.0392492036640082,0.00877657259820412,0.023504994344828,0.100923766644631
"CellObjects-Mean-Nucelolos-Texture-SumVariance-HEGray-3-00-256",0.276669826030333,0.0445193569176754,0.166754499599895,0.807680002453594
"CellObjects-Mean-Nucelolos-Texture-SumVariance-HEGray-3-01-256",0.241282134275069,0.0390951120246101,0.149375895553777,0.752224173609969
"CellObjects-Mean-Nucelolos-Texture-SumVariance-HEGray-3-02-256",0.277232783208162,0.0433115564613271,0.165480246387672,0.815779435713873
"CellObjects-Mean-Nucelolos-Texture-SumVariance-HEGray-3-03-256",0.235397035821879,0.0383069601067673,0.148418377056144,0.743489188511061
"CellObjects-Mean-Nucelolos-Texture-Variance-HEGray-3-00-256",0.171354944638131,0.0236729950265839,0.0951886913925065,0.513999863558791
"CellObjects-Mean-Nucelolos-Texture-Variance-HEGray-3-01-256",0.175166490218454,0.0241494097239334,0.0963253134478363,0.520970003162782
"CellObjects-Mean-Nucelolos-Texture-Variance-HEGray-3-02-256",0.171300030684966,0.0237905354161612,0.0952393702299008,0.512611738469892
"CellObjects-Mean-Nucelolos-Texture-Variance-HEGray-3-03-256",0.176284967212374,0.0241881883662096,0.0969892862302073,0.523296127902432
"CellObjects-Parent-NucObjects",3.21890969263551,3.20789331556235,2.24317960401766,3.0553890841298
"Cytoplasm-Number-Object-Number",3.21890969263551,3.20789331556235,2.24317960401766,3.0553890841298
"Cytoplasm-AreaShape-Area",4.67542436861768,4.7028310867523,5.10331336077908,4.80787088097591
"Cytoplasm-AreaShape-BoundingBoxArea",5.71491111456224,5.72409417520992,5.86979704685483,5.89184193520291
"Cytoplasm-AreaShape-BoundingBoxMaximum-X",4.10564945076917,4.20061044381634,4.07255311319932,4.1511983524653
"Cytoplasm-AreaShape-BoundingBoxMaximum-Y",3.84846156131003,3.93703393811255,3.8257667791018,3.90114485210558
"Cytoplasm-AreaShape-BoundingBoxMinimum-X",3.97336505027015,4.06797729487784,3.92526734182656,4.00697325322135
"Cytoplasm-AreaShape-BoundingBoxMinimum-Y",3.6713320141509,3.77314561138972,3.64075678663982,3.71932626908512
"Cytoplasm-AreaShape-Center-X",4.04648295754231,4.14151821850598,4.00676829508426,4.08721297225929
"Cytoplasm-AreaShape-Center-Y",3.7703793718128,3.86437948729097,3.74436028281522,3.82144424998228
"Cytoplasm-AreaShape-Compactness",0.394796445424963,0.403711878415329,0.287942972785439,0.431774738132513
"Cytoplasm-AreaShape-ConvexArea",5.36498671217789,5.37571566252492,5.56374344084303,5.54647960837202
"Cytoplasm-AreaShape-Eccentricity",0.0459078378786576,0.0509774041847148,0.040690425913598,0.0473728980315278
"Cytoplasm-AreaShape-EquivalentDiameter",1.41323802697144,1.46033341514981,1.56169482797359,1.47958733413895
"Cytoplasm-AreaShape-EulerNumber",0.304712512152063,0.212518612872118,0.292693114930256,0.25999683506638
"Cytoplasm-AreaShape-Extent",0.0253893187196044,0.0287246514439127,0.0319050921413935,0.0253728082158385
"Cytoplasm-AreaShape-FormFactor",0.0108952786638121,0.01308188468004,0.0144842916810271,0.0106630169592634
"Cytoplasm-AreaShape-MajorAxisLength",1.95159434337382,1.98857115617935,1.96570520577521,2.04403814836332
"Cytoplasm-AreaShape-MaxFeretDiameter",1.83162973941161,1.86827939308709,1.86105107509178,1.91698105413013
"Cytoplasm-AreaShape-MaximumRadius",0.428161655940068,0.472531667089058,0.455967102189315,0.453311752996845
"Cytoplasm-AreaShape-MeanRadius",0.192192385391215,0.219597438803582,0.238295106112196,0.205873349751422
"Cytoplasm-AreaShape-MedianRadius",0.177764208405159,0.199939028218234,0.232299140237726,0.188310992191282
"Cytoplasm-AreaShape-MinFeretDiameter",1.56395271410593,1.60868755552115,1.63239728107312,1.66184419302306
"Cytoplasm-AreaShape-MinorAxisLength",1.68031421864446,1.71107369648661,1.74062419469018,1.77802076488086
"Cytoplasm-AreaShape-Orientation",1.90966003034409,1.87927163471549,1.82314031302084,1.83384419304672
"Cytoplasm-AreaShape-Perimeter",3.26558765613963,3.28539431311952,3.29383781526162,3.37948161647965
"Cytoplasm-AreaShape-Solidity",0.0356992251995397,0.0401660657771603,0.0429316782058056,0.0355148830643226
"Cytoplasm-Granularity-10-HEGray",0.221046348762725,0.0343472974782065,0.00624726625883424,0.316309714513417
"Cytoplasm-Granularity-11-HEGray",0.291842203200482,0.0707245924371725,0.00596306847685045,0.243758857843608
"Cytoplasm-Granularity-12-HEGray",0.165036409825061,0.0517090777829926,0.014949691727415,0.174949516241921
"Cytoplasm-Granularity-13-HEGray",0.127556294307194,0.0532801198041633,0.0573177941313859,0.160234437172159
"Cytoplasm-Granularity-14-HEGray",0.159186880553098,0.0542154592000885,0.0668646899900005,0.224320503200428
"Cytoplasm-Granularity-15-HEGray",0.180755170020632,0.0436016200123068,0.0269170258663629,0.147235706736782
"Cytoplasm-Granularity-16-HEGray",0.121522080415891,0.0693805701486568,0.0990876380158911,0.13980427577328
"Cytoplasm-Granularity-1-HEGray",1.13381465593642,1.27822731411004,1.22707034646216,1.15529522302108
"Cytoplasm-Granularity-2-HEGray",0.166735265117949,0.0331518662769998,0.0121610263454383,0.349404771566564
"Cytoplasm-Granularity-3-HEGray",0.212936109866806,0.0319955464990952,0.00839818176261849,0.298037007605904
"Cytoplasm-Granularity-4-HEGray",0.148400836033909,0.0337948192549946,0.00566737992027367,0.226915441045879
"Cytoplasm-Granularity-5-HEGray",0.110895128610038,0.030948647705083,0.0042127128635478,0.156039302218368
"Cytoplasm-Granularity-6-HEGray",0.166192039056189,0.0310664527102943,0.00368254420681673,0.109628109525842
"Cytoplasm-Granularity-7-HEGray",0.176087000965536,0.0275593350754626,0.00406039944688181,0.247338650055881
"Cytoplasm-Granularity-8-HEGray",0.217121812746529,0.0252802993150592,0.00421011933527203,0.296097051901231
"Cytoplasm-Granularity-9-HEGray",0.156032601871434,0.0223504517179315,0.00529349665140919,0.24421926690085
"Cytoplasm-Intensity-IntegratedIntensityEdge-HEGray",2.81182843666275,2.98334449889523,2.89218948292715,2.61499568243723
"Cytoplasm-Intensity-IntegratedIntensity-HEGray",4.44708063142031,4.60710663683328,4.90997473387317,4.2723225575294
"Cytoplasm-Intensity-LowerQuartileIntensity-HEGray",0.0459708474996115,0.0672849550121696,0.0460848626279152,0.0322620061293308
"Cytoplasm-Intensity-MADIntensity-HEGray",0.00883636327728917,0.00236026144970931,0.00637234140202133,0.0101165368360543
"Cytoplasm-Intensity-MassDisplacement-HEGray",0.0819479482105786,0.0684630609669884,0.0534448835790738,0.157632813404142
"Cytoplasm-Intensity-MaxIntensityEdge-HEGray",0.0693067423958475,0.0764166408414151,0.0665328008474676,0.0705571019150296
"Cytoplasm-Intensity-MaxIntensity-HEGray",0.069310747878017,0.0764169684485983,0.0665330189413948,0.0710230065935714
"Cytoplasm-Intensity-MeanIntensityEdge-HEGray",0.050580070803082,0.0651912434830717,0.0517058979008929,0.0381012914955115
"Cytoplasm-Intensity-MeanIntensity-HEGray",0.0556177569024632,0.0702013216400782,0.0551138658247569,0.042760458128315
"Cytoplasm-Intensity-MedianIntensity-HEGray",0.0583766750810721,0.0738634210571511,0.0596381181350523,0.041558966737694
"Cytoplasm-Intensity-MinIntensityEdge-HEGray",0.0241701469215379,0.0365127320539236,0.0226912972347675,0.0164088050464831
"Cytoplasm-Intensity-MinIntensity-HEGray",0.0240235976884752,0.036251404722689,0.0225389388231337,0.0162525135253335
"Cytoplasm-Intensity-StdIntensityEdge-HEGray",0.015909619856265,0.0119721381308198,0.0160716516743376,0.0158826295117755
"Cytoplasm-Intensity-StdIntensity-HEGray",0.0128848827245392,0.00908051081221185,0.012687595289778,0.0135770176713542
"Cytoplasm-Intensity-UpperQuartileIntensity-HEGray",0.0669149201531112,0.0760183950729218,0.0656775510597345,0.0525980623232319
"Cytoplasm-Location-CenterMassIntensity-X-HEGray",4.04674554587743,4.14139426628385,4.00605877485631,4.08682192213324
"Cytoplasm-Location-CenterMassIntensity-Y-HEGray",3.77046293439285,3.8642518428152,3.74416865407113,3.82114338379377
"Cytoplasm-Location-CenterMassIntensity-Z-HEGray",0,0,0,0
"Cytoplasm-Location-Center-X",4.04648295754231,4.14151821850598,4.00676829508426,4.08721297225929
"Cytoplasm-Location-Center-Y",3.7703793718128,3.86437948729097,3.74436028281522,3.82144424998228
"Cytoplasm-Location-MaxIntensity-X-HEGray",4.04351603679536,4.14047171930705,3.99959803103736,4.07786165045585
"Cytoplasm-Location-MaxIntensity-Y-HEGray",3.77260697018162,3.86638374294234,3.74700034531823,3.81654375409927
"Cytoplasm-Location-MaxIntensity-Z-HEGray",0,0,0,0
"Cytoplasm-Parent-CellObjects",3.21890969263551,3.20789331556235,2.24317960401766,3.0553890841298
"Cytoplasm-Parent-NucObjects",3.21890969263551,3.20789331556235,2.24317960401766,3.0553890841298
"Cytoplasm-Texture-AngularSecondMoment-HEGray-3-00-256",0.0019764193805399,0.0159677986133125,0.00430193133429186,4.39427248534153e-05
"Cytoplasm-Texture-AngularSecondMoment-HEGray-3-01-256",0.00152489151722039,0.014694242554194,0.0035453870431536,4.66086922782854e-05
"Cytoplasm-Texture-AngularSecondMoment-HEGray-3-02-256",0.00190051452335352,0.015522508322586,0.00441863071230719,4.55306481247889e-05
"Cytoplasm-Texture-AngularSecondMoment-HEGray-3-03-256",0.00152479473218043,0.0141691810237277,0.00347262924596388,4.58755691910881e-05
"Cytoplasm-Texture-Contrast-HEGray-3-00-256",4.50293808279054,3.22140764534448,3.94926870264921,4.25619750854866
"Cytoplasm-Texture-Contrast-HEGray-3-01-256",4.94705225687883,3.61726484678641,4.51328920665805,4.76792017862073
"Cytoplasm-Texture-Contrast-HEGray-3-02-256",4.410827421812,3.33042489664346,3.91631153157069,4.05130725815518
"Cytoplasm-Texture-Contrast-HEGray-3-03-256",5.00545391381639,3.67552346704916,4.55917021413144,4.70216140361527
"Cytoplasm-Texture-Correlation-HEGray-3-00-256",0.0497368400164353,0.0580967624080446,0.0538210134796058,0.0555408102790442
"Cytoplasm-Texture-Correlation-HEGray-3-01-256",0.0630007946567597,0.0538410135136002,0.0443134012768589,0.0643725643674548
"Cytoplasm-Texture-Correlation-HEGray-3-02-256",0.0465375934256983,0.0476064458374271,0.0541356050523914,0.056780364034356
"Cytoplasm-Texture-Correlation-HEGray-3-03-256",0.0529001597483096,0.0580285074301738,0.0450596720326258,0.0605480748013044
"Cytoplasm-Texture-DifferenceEntropy-HEGray-3-00-256",0.344731638590914,0.272297501857077,0.304282076790965,0.363320283195414
"Cytoplasm-Texture-DifferenceEntropy-HEGray-3-01-256",0.361454363121552,0.288944732317109,0.324789412740034,0.38066382103627
"Cytoplasm-Texture-DifferenceEntropy-HEGray-3-02-256",0.342150406270273,0.277602941808447,0.302434935112105,0.356271707222078
"Cytoplasm-Texture-DifferenceEntropy-HEGray-3-03-256",0.363101055053993,0.292896911559133,0.326578916333331,0.378338685255059
"Cytoplasm-Texture-DifferenceVariance-HEGray-3-00-256",1.11051396409598e-05,6.77553717490656e-05,2.05472391012914e-05,5.14197512424623e-06
"Cytoplasm-Texture-DifferenceVariance-HEGray-3-01-256",8.47239581125513e-06,6.13481666840182e-05,1.64343979735879e-05,3.84123189545469e-06
"Cytoplasm-Texture-DifferenceVariance-HEGray-3-02-256",1.1138286780621e-05,6.5473714655831e-05,2.11519899424443e-05,5.75356460158793e-06
"Cytoplasm-Texture-DifferenceVariance-HEGray-3-03-256",8.39667288501271e-06,5.91180540076106e-05,1.6082368504269e-05,4.05149770756287e-06
"Cytoplasm-Texture-Entropy-HEGray-3-00-256",0.516468385557885,0.398381726638703,0.48144340522503,0.599060767934821
"Cytoplasm-Texture-Entropy-HEGray-3-01-256",0.520995828914621,0.405044083117407,0.489495387451668,0.595425388320532
"Cytoplasm-Texture-Entropy-HEGray-3-02-256",0.518240648084374,0.401145791376681,0.480517493156943,0.598506967860541
"Cytoplasm-Texture-Entropy-HEGray-3-03-256",0.520817631644584,0.40859221572131,0.490399073901579,0.596011527253975
"Cytoplasm-Texture-InfoMeas1-HEGray-3-00-256",0.0341568114654106,0.0419087001298082,0.0253476015499203,0.0311026551001655
"Cytoplasm-Texture-InfoMeas1-HEGray-3-01-256",0.0294588915984118,0.0380580420262161,0.0321469157809989,0.0283160904346319
"Cytoplasm-Texture-InfoMeas1-HEGray-3-02-256",0.0297951049320893,0.040558794745331,0.0264521686218873,0.0338049028553922
"Cytoplasm-Texture-InfoMeas1-HEGray-3-03-256",0.0324619983595033,0.0434340017419933,0.0257162685053403,0.028278067626916
"Cytoplasm-Texture-InfoMeas2-HEGray-3-00-256",0.0691339661571013,0.0724608201095759,0.0662295699534513,0.0722642349609536
"Cytoplasm-Texture-InfoMeas2-HEGray-3-01-256",0.0690752437672639,0.071450992739355,0.0660938377879632,0.0722722923203564
"Cytoplasm-Texture-InfoMeas2-HEGray-3-02-256",0.0691438222838095,0.0723497194979346,0.0662393481656497,0.0722655369790319
"Cytoplasm-Texture-InfoMeas2-HEGray-3-03-256",0.0690588953662048,0.071502230746826,0.0660793177404359,0.0722709159450652
"Cytoplasm-Texture-InverseDifferenceMoment-HEGray-3-00-256",0.0126837910647952,0.0354476385868869,0.0180336141195718,0.00353117919719204
"Cytoplasm-Texture-InverseDifferenceMoment-HEGray-3-01-256",0.0105640464113221,0.0330321554855107,0.0157222523968756,0.00282260690364339
"Cytoplasm-Texture-InverseDifferenceMoment-HEGray-3-02-256",0.0126825974767041,0.0346199291108536,0.0183266052983236,0.00397158095720694
"Cytoplasm-Texture-InverseDifferenceMoment-HEGray-3-03-256",0.0105084424215809,0.0322939271607836,0.0154821692129786,0.002986198181417
"Cytoplasm-Texture-SumAverage-HEGray-3-00-256",3.40708881194988,3.62527571432821,3.38837320322946,3.14972160158915
"Cytoplasm-Texture-SumAverage-HEGray-3-01-256",3.40199712342599,3.61974996318477,3.38700177265136,3.14687165024538
"Cytoplasm-Texture-SumAverage-HEGray-3-02-256",3.40551042423783,3.62360338307347,3.38864559375244,3.15328361750478
"Cytoplasm-Texture-SumAverage-HEGray-3-03-256",3.40190633601538,3.61709195433638,3.38695966206161,3.1492444834023
"Cytoplasm-Texture-SumEntropy-HEGray-3-00-256",0.41207560037359,0.320414996590332,0.380280052664966,0.465874190935032
"Cytoplasm-Texture-SumEntropy-HEGray-3-01-256",0.416242636241381,0.328233739799736,0.386586236279426,0.46351602079128
"Cytoplasm-Texture-SumEntropy-HEGray-3-02-256",0.413367875888681,0.323372249533768,0.379441305312499,0.466177795079737
"Cytoplasm-Texture-SumEntropy-HEGray-3-03-256",0.415886065328216,0.331723575860359,0.387197826066055,0.463559757341572
"Cytoplasm-Texture-SumVariance-HEGray-3-00-256",6.05642823148176,4.83489589814733,6.21123599126338,6.20785191810942
"Cytoplasm-Texture-SumVariance-HEGray-3-01-256",5.98979432222343,4.93621546410565,6.13166613352106,6.15184069623435
"Cytoplasm-Texture-SumVariance-HEGray-3-02-256",6.07546059100773,4.87335281911646,6.20957506560109,6.23528042910774
"Cytoplasm-Texture-SumVariance-HEGray-3-03-256",5.97163388260967,4.99774104467126,6.12064651601388,6.1518858550137
"Cytoplasm-Texture-Variance-HEGray-3-00-256",4.88133144353836,3.69339143323059,4.93507137578499,4.96945976305363
"Cytoplasm-Texture-Variance-HEGray-3-01-256",4.93189668684853,3.84729004304909,4.9411687053332,5.01177462191801
"Cytoplasm-Texture-Variance-HEGray-3-02-256",4.88103347472862,3.73990760494012,4.93131135216211,4.97017047444691
"Cytoplasm-Texture-Variance-HEGray-3-03-256",4.93491817933353,3.9053586044404,4.94008740673813,4.99940944345345
"NucObjects-Number-Object-Number",3.21890969263551,3.20789331556235,2.24317960401766,3.0553890841298
"NucObjects-AreaShape-Area",4.66162758898976,4.65562338648911,4.58441231114561,4.88037588320001
"NucObjects-AreaShape-BoundingBoxArea",5.06515124202128,5.04667362872256,5.00525398978623,5.29456027892077
"NucObjects-AreaShape-BoundingBoxMaximum-X",4.09016968324081,4.18490151552853,4.0511261620434,4.13493191236119
"NucObjects-AreaShape-BoundingBoxMaximum-Y",3.82850031335626,3.91684108537468,3.79972968236809,3.8827079842496
"NucObjects-AreaShape-BoundingBoxMinimum-X",3.99590949625314,4.09048474142933,3.95646647376907,4.03036978947582
"NucObjects-AreaShape-BoundingBoxMinimum-Y",3.70181167015028,3.80260848345675,3.67976238578847,3.74703605851674
"NucObjects-AreaShape-Center-X",4.04603231811248,4.14084312249269,4.00681408945651,4.08622532605495
"NucObjects-AreaShape-Center-Y",3.76979864862058,3.86368271183133,3.74391037691322,3.82039332725076
"NucObjects-AreaShape-Compactness",0.0918537769967928,0.0969463561938062,0.0963200093939774,0.0980468738690821
"NucObjects-AreaShape-ConvexArea",4.73126414853137,4.71640719370879,4.66624646137196,4.95731923119452
"NucObjects-AreaShape-Eccentricity",0.0453611319682192,0.0470519524108087,0.0452117935585115,0.0448394967961882
"NucObjects-AreaShape-EquivalentDiameter",1.4072968623526,1.44126598556796,1.36182640309107,1.50744531061962
"NucObjects-AreaShape-EulerNumber",0.0693186499664753,0.0764181641753318,0.0665334271477516,0.0723278976487614
"NucObjects-AreaShape-Extent",0.0469673381318986,0.0526082687780496,0.0442723950807209,0.0484624034697848
"NucObjects-AreaShape-FormFactor",0.0530871997194911,0.0609206553577965,0.0470404109413647,0.0542380832940478
"NucObjects-AreaShape-MajorAxisLength",1.54390847536758,1.55985643326936,1.51603573739537,1.63056114814013
"NucObjects-AreaShape-MaxFeretDiameter",1.56916915587698,1.58359313499448,1.54148964596251,1.66653432675472
"NucObjects-AreaShape-MaximumRadius",0.815913370993232,0.85490014608224,0.773515355750768,0.896422412380445
"NucObjects-AreaShape-MeanRadius",0.389105152154351,0.412132183298605,0.365020564377617,0.431254813204241
"NucObjects-AreaShape-MedianRadius",0.353882778767199,0.374740047948311,0.331170892929323,0.391306540750024
"NucObjects-AreaShape-MinFeretDiameter",1.30730517545832,1.34692852255944,1.25352067266472,1.42233898002347
"NucObjects-AreaShape-MinorAxisLength",1.30391287446552,1.34992887849213,1.24588504919615,1.41870339348395
"NucObjects-AreaShape-Orientation",1.91453249397918,1.8863162327313,1.82993172044013,1.82353986925395
"NucObjects-AreaShape-Perimeter",2.49630781548868,2.51876290266886,2.47932761526267,2.62624322765137
"NucObjects-AreaShape-Solidity",0.0648091924699735,0.0721235183269259,0.0614354328272021,0.0671148923319603
"NucObjects-Children-CellObjects-Count",0.0693186499664753,0.0764181641753318,0.0665334271477516,0.0723278976487614
"NucObjects-Children-Cytoplasm-Count",0.0693186499664753,0.0764181641753318,0.0665334271477516,0.0723278976487614
"NucObjects-Granularity-10-HEGray",0.0693761472560782,0.006592319758344,0.000102092910994206,0.151680468050404
"NucObjects-Granularity-11-HEGray",0.138228981553233,0.0212160857856666,9.591602902854e-05,0.144453790688544
"NucObjects-Granularity-12-HEGray",0.101354636516045,0.0200557818174176,0.000384849472368598,0.121995734636935
"NucObjects-Granularity-13-HEGray",0.0876356416967774,0.0234304822797439,0.00143051599505865,0.124456937771096
"NucObjects-Granularity-14-HEGray",0.0967857529666049,0.0275430041500992,0.00338273476904888,0.201702395763353
"NucObjects-Granularity-15-HEGray",0.131719108395565,0.0261944457049001,0.000693867153596513,0.150264765125592
"NucObjects-Granularity-16-HEGray",0.111042565159406,0.0273737201464599,0.00528022585948244,0.157460658500729
"NucObjects-Granularity-1-HEGray",1.5175969162492,1.59725959947029,1.62459112393001,1.56105482173392
"NucObjects-Granularity-2-HEGray",0.0751929102981694,0.018370681118858,0.0260467982814948,0.0666331256176237
"NucObjects-Granularity-3-HEGray",0.0157137801118107,0.00467980627891975,0.00223295454607726,0.0231655277310833
"NucObjects-Granularity-4-HEGray",0.00954907017294928,0.00449751865763951,0.000255152334405557,0.020931059036781
"NucObjects-Granularity-5-HEGray",0.00810097918486746,0.00414419045125126,0.000109771570879126,0.0170894526093328
"NucObjects-Granularity-6-HEGray",0.0177219754245801,0.00436558347182216,4.75792336565874e-05,0.0133288640201491
"NucObjects-Granularity-7-HEGray",0.0274746165934062,0.00391955291304638,9.1693104188844e-05,0.0523102505533185
"NucObjects-Granularity-8-HEGray",0.0459103261367265,0.00368094718736732,7.00819555634466e-05,0.0803404903175438
"NucObjects-Granularity-9-HEGray",0.0363241120140257,0.00343547655546688,8.90344142779344e-05,0.0903932884546255
"NucObjects-Intensity-IntegratedIntensityEdge-HEGray",1.80693464048557,2.14087930683739,1.78609132590823,1.60850171912711
"NucObjects-Intensity-IntegratedIntensity-HEGray",3.77835250733211,4.02273433588382,3.78866998775546,3.54999113458705
"NucObjects-Intensity-LowerQuartileIntensity-HEGray",0.0237019082367543,0.0327908602042432,0.0259179329102878,0.0155677986125319
"NucObjects-Intensity-MADIntensity-HEGray",0.00517462251189956,0.00719203203522164,0.00452094561750511,0.00344469703282887
"NucObjects-Intensity-MassDisplacement-HEGray",0.0583445787459102,0.0524822038495416,0.0623014041980422,0.0576775726673087
"NucObjects-Intensity-MaxIntensityEdge-HEGray",0.0525019542768264,0.0736753484049641,0.0501003435251576,0.0338807894213033
"NucObjects-Intensity-MaxIntensity-HEGray",0.0540080627818691,0.073709997099604,0.0511449538562675,0.0350937861126925
"NucObjects-Intensity-MeanIntensityEdge-HEGray",0.0382867779111181,0.0606605646426547,0.03633312986794,0.0273403183466037
"NucObjects-Intensity-MeanIntensity-HEGray",0.0293981777109367,0.0416460045066005,0.0308830647731874,0.0194693276146655
"NucObjects-Intensity-MedianIntensity-HEGray",0.0284033361123612,0.0388750964999512,0.0300730136658402,0.0186607354650001
"NucObjects-Intensity-MinIntensityEdge-HEGray",0.0262754703790775,0.0403766241986079,0.0236155537431081,0.0184430187846382
"NucObjects-Intensity-MinIntensity-HEGray",0.0156286124339133,0.0231954037520151,0.0183528023948382,0.010280063846008
"NucObjects-Intensity-StdIntensityEdge-HEGray",0.00586430865533776,0.00865739661212387,0.00675046270673957,0.00346032549491642
"NucObjects-Intensity-StdIntensity-HEGray",0.0076725571855465,0.0119509857587115,0.00676378064817538,0.00515723796700087
"NucObjects-Intensity-UpperQuartileIntensity-HEGray",0.0341688547882318,0.0488178588240521,0.0350984175400611,0.022738350326531
"NucObjects-Location-CenterMassIntensity-X-HEGray",4.04604835386437,4.14034266561145,4.00627349740938,4.08595956537193
"NucObjects-Location-CenterMassIntensity-Y-HEGray",3.76980748955973,3.863473058841,3.74374255976061,3.82007210908327
"NucObjects-Location-CenterMassIntensity-Z-HEGray",0,0,0,0
"NucObjects-Location-Center-X",4.04603231811248,4.14084312249269,4.00681408945651,4.08622532605495
"NucObjects-Location-Center-Y",3.76979864862058,3.86368271183133,3.74391037691322,3.82039332725076
"NucObjects-Location-Center-Z",0,0,0,0
"NucObjects-Location-MaxIntensity-X-HEGray",4.04558434793427,4.1368728953158,3.9984875256768,4.07582107849761
"NucObjects-Location-MaxIntensity-Y-HEGray",3.76774304142843,3.85763071458802,3.7396196722011,3.8056166828691
"NucObjects-Location-MaxIntensity-Z-HEGray",0,0,0,0
"NucObjects-Parent-CellObjects",3.21890969263551,3.20789331556235,2.24317960401766,3.0553890841298
"NucObjects-Texture-AngularSecondMoment-HEGray-3-00-256",4.95974832357541e-05,5.78325129027194e-05,6.0474463355138e-05,8.142186339668e-05
"NucObjects-Texture-AngularSecondMoment-HEGray-3-01-256",4.76372228947174e-05,5.56236540977391e-05,5.66651202745176e-05,7.32920504568785e-05
"NucObjects-Texture-AngularSecondMoment-HEGray-3-02-256",5.01504592964874e-05,5.71587390598757e-05,6.05502562510524e-05,8.30633982528574e-05
"NucObjects-Texture-AngularSecondMoment-HEGray-3-03-256",4.70968445843629e-05,5.54245169604767e-05,5.65748839657109e-05,7.33653262448562e-05
"NucObjects-Texture-Contrast-HEGray-3-00-256",3.3817862410178,3.97101210556258,2.80033128633371,2.54321127898994
"NucObjects-Texture-Contrast-HEGray-3-01-256",3.76948391771857,4.47300074803178,3.26353697526899,2.9657278233191
"NucObjects-Texture-Contrast-HEGray-3-02-256",3.27848421685044,4.12157620279706,2.74087894179823,2.44240379498621
"NucObjects-Texture-Contrast-HEGray-3-03-256",3.85437525968881,4.52844933933721,3.27251984032318,2.88978735507701
"NucObjects-Texture-Correlation-HEGray-3-00-256",0.0484730212430936,0.0547096036547893,0.0523753257908674,0.0504755953625943
"NucObjects-Texture-Correlation-HEGray-3-01-256",0.0478254820328398,0.0457014043624556,0.0492049088970324,0.0456590882828876
"NucObjects-Texture-Correlation-HEGray-3-02-256",0.0506858490752491,0.0509513070321809,0.0534756597784092,0.0528424039314781
"NucObjects-Texture-Correlation-HEGray-3-03-256",0.0500964490566053,0.0533685519707637,0.0489668777559197,0.0408839552403536
"NucObjects-Texture-DifferenceEntropy-HEGray-3-00-256",0.321326130078485,0.362282421133696,0.288256907089706,0.297755137658406
"NucObjects-Texture-DifferenceEntropy-HEGray-3-01-256",0.335753678227905,0.381109123694685,0.305532407461601,0.315274496662643
"NucObjects-Texture-DifferenceEntropy-HEGray-3-02-256",0.317599670622068,0.366664942196058,0.286398749258799,0.294030590827199
"NucObjects-Texture-DifferenceEntropy-HEGray-3-03-256",0.338813544310545,0.382515070847664,0.305931565022213,0.312866978790221
"NucObjects-Texture-DifferenceVariance-HEGray-3-00-256",9.85802559279059e-06,8.30193295070859e-06,1.37745142439342e-05,2.67891372829532e-05
"NucObjects-Texture-DifferenceVariance-HEGray-3-01-256",7.68705786679679e-06,6.17671820902746e-06,1.043349700696e-05,2.02556296169568e-05
"NucObjects-Texture-DifferenceVariance-HEGray-3-02-256",1.04588862715723e-05,7.8679207846612e-06,1.40307269303023e-05,2.81035818942821e-05
"NucObjects-Texture-DifferenceVariance-HEGray-3-03-256",7.28781529739528e-06,6.0708241636814e-06,1.03543974226286e-05,2.07383729330886e-05
"NucObjects-Texture-Entropy-HEGray-3-00-256",0.569860742539704,0.610594193959591,0.541101143418424,0.568089452130499
"NucObjects-Texture-Entropy-HEGray-3-01-256",0.571318836682756,0.611604565808525,0.543761276094774,0.573051482453561
"NucObjects-Texture-Entropy-HEGray-3-02-256",0.569480219247566,0.611067642838379,0.541103610613907,0.56704076319186
"NucObjects-Texture-Entropy-HEGray-3-03-256",0.571798872626904,0.611768991184954,0.543813162854573,0.573020360612526
"NucObjects-Texture-InfoMeas1-HEGray-3-00-256",0.019185395171096,0.0160763362923138,0.0148494723728068,0.0219816671600659
"NucObjects-Texture-InfoMeas1-HEGray-3-01-256",0.0212236226567876,0.0199681439975289,0.0159702058072792,0.0257760021292732
"NucObjects-Texture-InfoMeas1-HEGray-3-02-256",0.019677105872753,0.0159746867680817,0.0152586634154334,0.0216690366591273
"NucObjects-Texture-InfoMeas1-HEGray-3-03-256",0.0204027307338572,0.0164122103404741,0.0171820240845726,0.0233286924370374
"NucObjects-Texture-InfoMeas2-HEGray-3-00-256",0.0688424018835081,0.0762632955252206,0.0659761511846977,0.0700830184938847
"NucObjects-Texture-InfoMeas2-HEGray-3-01-256",0.068783871122465,0.0762317124396897,0.0658270572564657,0.0692656393926006
"NucObjects-Texture-InfoMeas2-HEGray-3-02-256",0.0688588082084434,0.0762549358418976,0.0659863016186829,0.0702335678367962
"NucObjects-Texture-InfoMeas2-HEGray-3-03-256",0.0687719153567272,0.0762295487730829,0.0658307572357554,0.0693540912260323
"NucObjects-Texture-InverseDifferenceMoment-HEGray-3-00-256",0.00517279751650366,0.00595775974813495,0.00649170573614964,0.0088838262108419
"NucObjects-Texture-InverseDifferenceMoment-HEGray-3-01-256",0.00416704926786763,0.00458434985039482,0.00505826175580533,0.00708018494544834
"NucObjects-Texture-InverseDifferenceMoment-HEGray-3-02-256",0.0054376510491801,0.00569386954363069,0.0065766348055155,0.0092136604630356
"NucObjects-Texture-InverseDifferenceMoment-HEGray-3-03-256",0.00398314478369631,0.0045158314125059,0.00501943308953498,0.00714814134186132
"NucObjects-Texture-SumAverage-HEGray-3-00-256",2.73198064739813,3.04526843430938,2.78039725198345,2.34475403968736
"NucObjects-Texture-SumAverage-HEGray-3-01-256",2.73016574597405,3.03662858997915,2.77847758177277,2.33985796767923
"NucObjects-Texture-SumAverage-HEGray-3-02-256",2.7331846477853,3.04327629108013,2.7814158530292,2.34601716873965
"NucObjects-Texture-SumAverage-HEGray-3-03-256",2.7306336456185,3.03629314897366,2.77866753693157,2.34192164055716
"NucObjects-Texture-SumEntropy-HEGray-3-00-256",0.421501218783255,0.46841095903702,0.401352880132436,0.406372781301391
"NucObjects-Texture-SumEntropy-HEGray-3-01-256",0.418692239147679,0.464419960181817,0.398550466148051,0.402875323989214
"NucObjects-Texture-SumEntropy-HEGray-3-02-256",0.422020768412453,0.467545946361288,0.401652560746098,0.407071986251447
"NucObjects-Texture-SumEntropy-HEGray-3-03-256",0.418010681523513,0.463972903760718,0.39851389187946,0.403641447520199
"NucObjects-Texture-SumVariance-HEGray-3-00-256",5.10332377433545,5.79445938117091,4.92914654739824,4.21156385900205
"NucObjects-Texture-SumVariance-HEGray-3-01-256",5.01709166863743,5.66340006873586,4.84686467262132,4.10306141057492
"NucObjects-Texture-SumVariance-HEGray-3-02-256",5.12446877193656,5.75711436688641,4.94486328088891,4.23595813455608
"NucObjects-Texture-SumVariance-HEGray-3-03-256",4.99439694184887,5.64369985767183,4.84683856838086,4.13741125434249
"NucObjects-Texture-Variance-HEGray-3-00-256",3.90022810566497,4.57227434060386,3.67989805827506,3.03047043449413
"NucObjects-Texture-Variance-HEGray-3-01-256",3.90542767016053,4.56168424944293,3.67704067320587,3.03115626544398
"NucObjects-Texture-Variance-HEGray-3-02-256",3.90248037110778,4.56473591609249,3.68609237901008,3.03537348060079
"NucObjects-Texture-Variance-HEGray-3-03-256",3.90758675168056,4.56136490858764,3.67769768988231,3.03805784505724
